CV_ID,Experience,Language Level - French,Match_ID,Status,4. CV sent to Client,4. Client initial validation date,7. Client final approval date,MatchStatus,response_time,decision_time,Gender
369,[8+],A1,498,A05 - Onboarding,2018-02-22,2018-02-22,2018-02-23,1,0 days 00:00:00.000000000,1 days 00:00:00.000000000,M
374,[8+],A1,11653,CV refused,2018-01-09,2018-01-10,,0,1 days 00:00:00.000000000,,F
374,[8+],A1,11657,CV refused,2018-01-09,2018-01-23,,0,14 days 00:00:00.000000000,,F
374,[8+],A1,11769,Approved,,,,0,,,F
374,[8+],A1,385,A03 - Offer declined,2018-01-30,2018-01-30,2018-02-16,1,0 days 00:00:00.000000000,17 days 00:00:00.000000000,F
376,[5-8],A1,11532,Rejected,,2018-03-27,2018-03-27,0,,0 days 00:00:00.000000000,M
376,[5-8],A1,11533,CV refused,2017-11-28,2017-12-12,,0,14 days 00:00:00.000000000,,M
376,[5-8],A1,11535,Rejected,,,,0,,,M
376,[5-8],A1,11771,Approved,,,,0,,,M
376,[5-8],A1,384,A03 - Offer declined,2018-01-30,2018-01-30,2018-02-19,1,0 days 00:00:00.000000000,20 days 00:00:00.000000000,M
402,[0-1],A1,11091,A03 - Offer declined,2017-07-27,2017-07-27,2017-08-08,1,0 days 00:00:00.000000000,12 days 00:00:00.000000000,F
402,[0-1],A1,11585,Rejected,,,,0,,,F
402,[0-1],A1,11587,CV refused,2017-12-12,,,0,,,F
402,[0-1],A1,11955,A03 - Offer declined,2018-03-23,2018-03-23,2017-08-08,1,0 days 00:00:00.000000000,-227 days +00:00:00.000000000,F
460,[5-8],A1,11612,CV refused,2017-12-19,2018-03-07,,0,78 days 00:00:00.000000000,,F
460,[5-8],A1,11652,A03 - Offer declined,2018-02-22,2018-02-22,2018-03-01,1,0 days 00:00:00.000000000,7 days 00:00:00.000000000,F
466,[0-1],A1,12405,A05 - Onboarding,2017-03-14,2017-03-14,2017-03-14,1,0 days 00:00:00.000000000,0 days 00:00:00.000000000,M
468,[8+],A1,11476,A05 - Onboarding,2017-11-17,2018-01-17,2018-02-27,1,61 days 00:00:00.000000000,41 days 00:00:00.000000000,M
468,[8+],A1,11558,Candidate dropped out,2017-12-05,2017-12-11,2018-04-03,0,6 days 00:00:00.000000000,113 days 00:00:00.000000000,M
527,[5-8],A1,11609,CV refused,,,,0,,,F
527,[5-8],A1,11623,A01 - Offer Preparation Started,2018-01-05,2018-01-09,2018-03-23,1,4 days 00:00:00.000000000,73 days 00:00:00.000000000,F
552,[2-4],A1,9984,A03 - Offer declined,2016-11-23,2016-11-23,2016-12-01,1,0 days 00:00:00.000000000,8 days 00:00:00.000000000,F
565,[5-8],A2,10130,CV refused,2016-11-22,2016-12-20,,0,28 days 00:00:00.000000000,,M
565,[5-8],A2,10243,A05 - Onboarding,2016-12-21,2016-12-21,2017-01-12,1,0 days 00:00:00.000000000,22 days 00:00:00.000000000,M
573,[8+],A2,10106,D01 – Resignation,2016-11-25,2016-11-25,2016-12-12,1,0 days 00:00:00.000000000,17 days 00:00:00.000000000,M
578,[8+],B2,10110,A05 - Onboarding,2016-11-25,2016-11-25,2016-12-05,1,0 days 00:00:00.000000000,10 days 00:00:00.000000000,F
583,[8+],A2,9985,A05 - Onboarding,2016-11-28,2016-11-29,2016-12-06,1,1 days 00:00:00.000000000,7 days 00:00:00.000000000,M
586,[5-8],C1,10248,A03 - Process Cancelled,2016-12-01,2016-12-06,2016-12-15,1,5 days 00:00:00.000000000,9 days 00:00:00.000000000,F
589,[8+],A2,9988,A05 - Onboarding,2016-12-05,2016-12-15,2016-12-22,1,10 days 00:00:00.000000000,7 days 00:00:00.000000000,F
594,[5-8],A2,9989,D01 – Resignation,2016-11-28,2016-12-09,2016-12-13,1,11 days 00:00:00.000000000,4 days 00:00:00.000000000,M
654,[2-4],C2,10271,Rejected,,,,0,,,M
654,[2-4],C2,10344,T01- Terminated,2017-02-02,2017-02-03,2017-02-06,1,1 days 00:00:00.000000000,3 days 00:00:00.000000000,M
654,[2-4],C2,12984,A05 - Onboarding,2017-05-01,2017-06-01,2017-08-01,1,31 days 00:00:00.000000000,61 days 00:00:00.000000000,M
689,[8+],A1,10281,Rejected,,,,0,,,F
689,[8+],A1,10736,CV refused,2017-04-25,2017-05-12,2018-03-27,0,17 days 00:00:00.000000000,319 days 00:00:00.000000000,F
689,[8+],A1,10934,T01- Terminated,2017-06-13,2017-06-16,2017-06-29,1,3 days 00:00:00.000000000,13 days 00:00:00.000000000,F
689,[8+],A1,10935,CV refused,2017-06-13,2017-06-16,,0,3 days 00:00:00.000000000,,F
689,[8+],A1,10986,Candidate dropped out,2017-06-20,2017-06-27,2018-04-06,0,7 days 00:00:00.000000000,283 days 00:00:00.000000000,F
693,[8+],A1,10148,A05 - Onboarding,2016-12-13,2017-01-03,2017-01-18,1,21 days 00:00:00.000000000,15 days 00:00:00.000000000,M
698,[8+],A2,10159,A05 - Onboarding,2016-12-12,2016-12-12,2016-12-15,1,0 days 00:00:00.000000000,3 days 00:00:00.000000000,M
707,[8+],B2,10555,CV refused,2017-03-27,2017-03-31,,0,4 days 00:00:00.000000000,,F
707,[8+],B2,10562,CV refused,2017-03-14,2017-03-14,,0,0 days 00:00:00.000000000,,F
707,[8+],B2,10618,Candidate dropped out,2017-03-28,2017-03-28,2018-04-06,0,0 days 00:00:00.000000000,374 days 00:00:00.000000000,F
707,[8+],B2,10664,A05 - Onboarding,2017-04-06,2017-04-06,2017-04-25,1,0 days 00:00:00.000000000,19 days 00:00:00.000000000,F
707,[8+],B2,12787,Candidate dropped out,2017-03-07,2017-03-07,,0,0 days 00:00:00.000000000,,F
744,[8+],A1,10156,Rejected,,,,0,,,F
744,[8+],A1,10410,Candidate refused,2017-02-16,2017-02-16,2017-02-22,0,0 days 00:00:00.000000000,6 days 00:00:00.000000000,F
744,[8+],A1,10512,A03 - Offer declined,2017-03-07,2017-03-07,2017-03-07,1,0 days 00:00:00.000000000,0 days 00:00:00.000000000,F
746,[8+],A1,10225,A03 - Offer declined,2017-01-18,2017-01-18,2017-01-19,1,0 days 00:00:00.000000000,1 days 00:00:00.000000000,M
746,[8+],A1,10255,Candidate refused,2017-01-06,2017-01-06,2017-01-19,0,0 days 00:00:00.000000000,13 days 00:00:00.000000000,M
772,[5-8],B2,10011,A05 - Onboarding,2016-12-20,2016-12-20,2016-12-22,1,0 days 00:00:00.000000000,2 days 00:00:00.000000000,F
796,[8+],C1,10459,D01 – Resignation,2017-03-07,2017-03-07,2017-03-21,1,0 days 00:00:00.000000000,14 days 00:00:00.000000000,M
796,[8+],C1,9995,Rejected,2016-12-21,2016-12-21,,0,0 days 00:00:00.000000000,,M
805,[5-8],C1,10293,A05 - Onboarding,2017-01-24,2017-01-24,2017-01-27,1,0 days 00:00:00.000000000,3 days 00:00:00.000000000,M
808,[8+],A2,10113,Candidate refused,2017-01-10,2017-01-10,2017-01-25,0,0 days 00:00:00.000000000,15 days 00:00:00.000000000,M
808,[8+],A2,10241,CV refused,2017-01-18,2017-01-18,,0,0 days 00:00:00.000000000,,M
808,[8+],A2,10343,Dropped out,2017-02-14,2018-04-03,,0,413 days 00:00:00.000000000,,M
808,[8+],A2,10346,CV refused,2017-02-02,2017-02-07,,0,5 days 00:00:00.000000000,,M
808,[8+],A2,10746,CV refused,2017-05-05,2017-05-05,,0,0 days 00:00:00.000000000,,M
808,[8+],A2,10762,A05 - Onboarding,2017-05-04,2017-05-04,2017-05-18,1,0 days 00:00:00.000000000,14 days 00:00:00.000000000,M
812,[5-8],B2,10012,A05 - Onboarding,2016-12-20,2016-12-20,2017-01-10,1,0 days 00:00:00.000000000,21 days 00:00:00.000000000,F
815,[2-4],A2,10010,D01 – Resignation,2016-12-20,2016-12-20,2016-12-22,1,0 days 00:00:00.000000000,2 days 00:00:00.000000000,M
815,[2-4],A2,10048,CV refused,2016-12-20,2016-12-21,,0,1 days 00:00:00.000000000,,M
899,[8+],A2,10184,A05 - Onboarding,2017-01-03,2017-01-03,2017-01-11,1,0 days 00:00:00.000000000,8 days 00:00:00.000000000,M
900,[8+],B1,10189,A05 - Onboarding,2017-01-10,2017-01-10,2017-01-11,1,0 days 00:00:00.000000000,1 days 00:00:00.000000000,M
904,[8+],A2,10186,A05 - Onboarding,2017-01-03,2017-01-03,2017-01-10,1,0 days 00:00:00.000000000,7 days 00:00:00.000000000,M
951,[8+],Native,10014,Candidate refused,2017-01-03,2017-01-04,2017-01-17,0,1 days 00:00:00.000000000,13 days 00:00:00.000000000,F
951,[8+],Native,11070,A05 - Onboarding,2017-07-18,2017-07-18,2017-08-08,1,0 days 00:00:00.000000000,21 days 00:00:00.000000000,F
1025,[0-1],B1,10551,A03 - Offer declined,2017-03-15,2017-03-17,2017-04-05,1,2 days 00:00:00.000000000,19 days 00:00:00.000000000,M
1045,[0-1],B1,10234,Rejected,,,,0,,,F
1045,[0-1],B1,10745,CV refused,2017-05-05,2017-05-05,,0,0 days 00:00:00.000000000,,F
1045,[0-1],B1,10840,CV refused,2017-05-23,2017-05-23,,0,0 days 00:00:00.000000000,,F
1045,[0-1],B1,10845,A03 - Offer declined,2017-05-23,2017-05-23,2017-06-30,1,0 days 00:00:00.000000000,38 days 00:00:00.000000000,F
1045,[0-1],B1,11124,Rejected,,,,0,,,F
1071,[0-1],A1,10567,A05 - Onboarding,2017-03-17,2017-03-17,2017-03-17,1,0 days 00:00:00.000000000,0 days 00:00:00.000000000,M
1128,[2-4],C2,12390,A05 - Onboarding,2017-05-12,2017-05-13,2017-05-14,1,1 days 00:00:00.000000000,1 days 00:00:00.000000000,M
1134,[8+],A1,10193,Candidate refused,2017-01-03,2017-01-03,2017-01-11,0,0 days 00:00:00.000000000,8 days 00:00:00.000000000,F
1134,[8+],A1,11162,A05 - Onboarding,2017-08-07,2017-08-07,2017-08-18,1,0 days 00:00:00.000000000,11 days 00:00:00.000000000,F
1197,[8+],A2,12394,A05 - Onboarding,2017-03-14,2017-03-14,2017-03-14,1,0 days 00:00:00.000000000,0 days 00:00:00.000000000,M
1305,[8+],B2,10044,Rejected,,,,0,,,F
1305,[8+],B2,10068,Rejected,,,,0,,,F
1305,[8+],B2,10211,A03 - Offer declined,2017-01-23,2017-01-23,2017-02-10,1,0 days 00:00:00.000000000,18 days 00:00:00.000000000,F
1310,[8+],A1,10029,Rejected,,,,0,,,F
1310,[8+],A1,10058,Rejected,,,,0,,,F
1310,[8+],A1,10202,A05 - Onboarding,2017-01-03,2017-01-03,2017-01-10,1,0 days 00:00:00.000000000,7 days 00:00:00.000000000,F
1317,[8+],B1,10232,T01- Terminated,2017-01-18,2017-01-18,2017-02-01,1,0 days 00:00:00.000000000,14 days 00:00:00.000000000,M
1384,[5-8],A2,10222,CV refused,2017-01-25,2017-01-25,,0,0 days 00:00:00.000000000,,M
1384,[5-8],A2,10264,A03 - Process Cancelled,2017-01-31,2017-01-31,2017-02-01,1,0 days 00:00:00.000000000,1 days 00:00:00.000000000,M
1386,[8+],A2,10201,A03 - Offer declined,2017-01-03,2017-01-03,2017-01-10,1,0 days 00:00:00.000000000,7 days 00:00:00.000000000,F
1406,[8+],B2,10013,A05 - Onboarding,2017-01-03,2017-01-04,2017-01-17,1,1 days 00:00:00.000000000,13 days 00:00:00.000000000,F
1407,[8+],B2,10022,CV refused,2017-01-03,2017-01-04,,0,1 days 00:00:00.000000000,,M
1407,[8+],B2,11276,A03 - Process Cancelled,2017-09-19,2017-09-28,2017-10-26,1,9 days 00:00:00.000000000,28 days 00:00:00.000000000,M
1488,[8+],C2,10177,Candidate refused,2017-01-11,2017-01-11,2017-02-07,0,0 days 00:00:00.000000000,27 days 00:00:00.000000000,M
1488,[8+],C2,10374,T01- Terminated,2017-02-09,2017-02-09,2017-02-09,1,0 days 00:00:00.000000000,0 days 00:00:00.000000000,M
1491,[0-1],A2,10069,Rejected,,,,0,,,F
1491,[0-1],A2,10205,Rejected,,,,0,,,F
1491,[0-1],A2,12407,A05 - Onboarding,2017-03-14,2017-03-14,2017-03-14,1,0 days 00:00:00.000000000,0 days 00:00:00.000000000,F
1582,[8+],C1,10237,A05 - Onboarding,2017-01-18,2017-01-18,2017-02-07,1,0 days 00:00:00.000000000,20 days 00:00:00.000000000,F
1582,[8+],C1,10269,Candidate dropped out,2017-01-11,2017-01-11,2018-04-06,0,0 days 00:00:00.000000000,450 days 00:00:00.000000000,F
1599,[8+],A1,10218,Candidate dropped out,2017-01-11,2017-01-11,2018-04-09,0,0 days 00:00:00.000000000,453 days 00:00:00.000000000,F
1599,[8+],A1,10267,D01 – Resignation,2017-01-10,2017-01-10,2017-01-20,1,0 days 00:00:00.000000000,10 days 00:00:00.000000000,F
1613,[8+],C2,10322,A05 - Onboarding,2017-01-27,2017-01-27,2017-02-01,1,0 days 00:00:00.000000000,5 days 00:00:00.000000000,F
1619,[8+],B2,10043,A05 - Onboarding,2017-01-12,2017-01-13,2017-02-10,1,1 days 00:00:00.000000000,28 days 00:00:00.000000000,M
1622,[8+],B1,10047,A05 - Onboarding,2017-01-12,2017-01-20,2017-06-19,1,8 days 00:00:00.000000000,150 days 00:00:00.000000000,F
1624,[8+],A2,10179,A05 - Onboarding,2017-01-17,2017-01-18,2017-01-18,1,1 days 00:00:00.000000000,0 days 00:00:00.000000000,F
1624,[8+],A2,10219,Candidate dropped out,2017-01-11,2017-01-11,2018-04-03,0,0 days 00:00:00.000000000,447 days 00:00:00.000000000,F
1624,[8+],A2,10268,Rejected,,,,0,,,F
1635,[2-4],B1,10119,Candidate refused,2017-01-10,2017-01-10,2017-01-13,0,0 days 00:00:00.000000000,3 days 00:00:00.000000000,F
1635,[2-4],B1,10215,Rejected,,,,0,,,F
1635,[2-4],B1,10236,A05 - Onboarding,2017-01-10,2017-01-10,2017-01-17,1,0 days 00:00:00.000000000,7 days 00:00:00.000000000,F
1695,[8+],C1,10097,D01 – Resignation,2017-01-11,2017-01-11,2017-01-11,1,0 days 00:00:00.000000000,0 days 00:00:00.000000000,M
1747,[8+],A1,10008,A03 - Offer declined,2017-01-23,2017-01-24,2017-04-11,1,1 days 00:00:00.000000000,77 days 00:00:00.000000000,M
1762,[8+],A2,10306,CV refused,2017-01-25,2017-01-27,,0,2 days 00:00:00.000000000,,F
1762,[8+],A2,10307,A05 - Onboarding,2017-01-26,2017-01-26,2017-03-20,1,0 days 00:00:00.000000000,53 days 00:00:00.000000000,F
1762,[8+],A2,10445,Candidate refused,2017-02-23,2017-02-23,2017-03-10,0,0 days 00:00:00.000000000,15 days 00:00:00.000000000,F
1786,[8+],B2,10304,A05 - Onboarding,2017-01-25,2017-01-25,2017-02-01,1,0 days 00:00:00.000000000,7 days 00:00:00.000000000,F
1786,[8+],B2,10305,CV refused,2017-01-27,2017-01-27,,0,0 days 00:00:00.000000000,,F
1793,[5-8],A2,10290,A05 - Onboarding,2017-01-24,2017-01-24,2017-02-02,1,0 days 00:00:00.000000000,9 days 00:00:00.000000000,F
1797,[5-8],A2,10314,A03 - Offer declined,2017-01-26,2017-01-26,2017-02-02,1,0 days 00:00:00.000000000,7 days 00:00:00.000000000,M
1799,[8+],B1,10316,A05 - Onboarding,2017-01-26,2017-01-26,2017-01-26,1,0 days 00:00:00.000000000,0 days 00:00:00.000000000,M
1805,[8+],A1,10319,A03 - Process Cancelled,2017-02-02,2017-02-02,2017-02-10,1,0 days 00:00:00.000000000,8 days 00:00:00.000000000,F
1809,[8+],A1,10318,A03 - Offer declined,2017-02-02,2017-02-02,2017-02-09,1,0 days 00:00:00.000000000,7 days 00:00:00.000000000,F
1812,[5-8],A1,10352,D01 – Resignation,2017-02-02,2017-02-02,2017-02-10,1,0 days 00:00:00.000000000,8 days 00:00:00.000000000,F
1813,[2-4],C2,10317,A05 - Onboarding,2017-02-01,2017-02-01,2017-02-01,1,0 days 00:00:00.000000000,0 days 00:00:00.000000000,M
1813,[2-4],C2,12788,A03 - Process Cancelled,2017-01-22,2017-01-22,2017-01-23,1,0 days 00:00:00.000000000,1 days 00:00:00.000000000,M
1814,[8+],A2,10327,A05 - Onboarding,2017-02-02,2017-02-02,2017-02-10,1,0 days 00:00:00.000000000,8 days 00:00:00.000000000,M
1816,[8+],A1,10332,Rejected,,,,0,,,M
1816,[8+],A1,10396,Rejected,,,,0,,,M
1816,[8+],A1,10748,CV refused,2017-05-05,2017-05-05,,0,0 days 00:00:00.000000000,,M
1816,[8+],A1,10763,A05 - Onboarding,2017-05-04,2017-05-04,2017-05-15,1,0 days 00:00:00.000000000,11 days 00:00:00.000000000,M
1822,[8+],C2,10330,CV refused,2017-01-31,2017-01-31,,0,0 days 00:00:00.000000000,,M
1822,[8+],C2,10389,A05 - Onboarding,2017-02-13,2017-02-14,2017-02-16,1,1 days 00:00:00.000000000,2 days 00:00:00.000000000,M
1823,[8+],A2,10351,A05 - Onboarding,2017-01-30,2017-01-30,2017-02-10,1,0 days 00:00:00.000000000,11 days 00:00:00.000000000,M
1844,[8+],A1,10349,A03 - Offer declined,2017-02-07,2017-02-07,2017-02-21,1,0 days 00:00:00.000000000,14 days 00:00:00.000000000,F
1881,[8+],C2,10345,A05 - Onboarding,2017-02-02,2017-02-07,2017-02-14,1,5 days 00:00:00.000000000,7 days 00:00:00.000000000,F
1882,[8+],A1,10347,A05 - Onboarding,2017-02-07,2017-02-07,2017-02-21,1,0 days 00:00:00.000000000,14 days 00:00:00.000000000,F
1883,[8+],A1,10348,A05 - Onboarding,2017-02-01,2017-02-01,2017-02-21,1,0 days 00:00:00.000000000,20 days 00:00:00.000000000,M
1884,[8+],B1,10411,A05 - Onboarding,2017-02-14,2017-02-21,2017-03-01,1,7 days 00:00:00.000000000,8 days 00:00:00.000000000,F
1884,[8+],B1,10489,CV refused,2017-02-23,2017-02-23,,0,0 days 00:00:00.000000000,,F
1886,[5-8],B2,10367,Candidate refused,2017-02-08,2017-02-10,2017-02-24,0,2 days 00:00:00.000000000,14 days 00:00:00.000000000,M
1886,[5-8],B2,10623,A03 - Offer declined,2017-03-28,2017-03-28,2017-04-03,1,0 days 00:00:00.000000000,6 days 00:00:00.000000000,M
1886,[5-8],B2,11712,Dropped out,2018-04-10,2018-04-10,,0,0 days 00:00:00.000000000,,M
1888,[8+],A2,10362,A03 - Offer declined,2017-02-09,2017-02-09,2017-02-16,1,0 days 00:00:00.000000000,7 days 00:00:00.000000000,M
1888,[8+],A2,10378,CV refused,2017-02-09,2017-02-13,,0,4 days 00:00:00.000000000,,M
1888,[8+],A2,11258,CV refused,2017-09-12,2017-09-12,,0,0 days 00:00:00.000000000,,M
1889,[8+],A2,10364,A05 - Onboarding,2017-02-09,2017-02-09,2017-02-16,1,0 days 00:00:00.000000000,7 days 00:00:00.000000000,M
1889,[8+],A2,10379,CV refused,2017-02-09,2017-02-13,,0,4 days 00:00:00.000000000,,M
1901,[2-4],A1,10368,A05 - Onboarding,2017-02-07,2017-02-08,2017-02-16,1,1 days 00:00:00.000000000,8 days 00:00:00.000000000,M
1909,[2-4],C1,10369,A03 - Process Cancelled,2017-02-08,2017-02-08,2017-02-21,1,0 days 00:00:00.000000000,13 days 00:00:00.000000000,M
1913,[5-8],C1,10377,Candidate dropped out,2017-02-01,2017-02-01,2018-04-06,0,0 days 00:00:00.000000000,429 days 00:00:00.000000000,F
1913,[5-8],C1,10862,A05 - Onboarding,2017-05-03,2017-05-03,2017-05-23,1,0 days 00:00:00.000000000,20 days 00:00:00.000000000,F
1931,[8+],A1,10401,CV refused,2017-02-15,2017-02-15,,0,0 days 00:00:00.000000000,,F
1931,[8+],A1,10440,CV refused,2017-02-22,2017-03-07,,0,13 days 00:00:00.000000000,,F
1931,[8+],A1,11197,A03 - Offer declined,2017-08-15,2017-08-17,2017-08-29,1,2 days 00:00:00.000000000,12 days 00:00:00.000000000,F
1943,[8+],A1,10435,Approved,,,,0,,,M
1943,[8+],A1,12392,A05 - Onboarding,2017-03-14,2017-03-14,2017-03-14,1,0 days 00:00:00.000000000,0 days 00:00:00.000000000,M
1945,[8+],B2,10514,D01 – Resignation,2017-03-09,2017-03-15,2017-04-06,1,6 days 00:00:00.000000000,22 days 00:00:00.000000000,F
1948,[2-4],A1,10444,A05 - Onboarding,2017-02-23,2017-03-01,2017-03-20,1,6 days 00:00:00.000000000,19 days 00:00:00.000000000,M
1984,[8+],A1,10434,Candidate refused,2017-03-02,2017-03-02,2017-03-02,0,0 days 00:00:00.000000000,0 days 00:00:00.000000000,M
1984,[8+],A1,10957,CV refused,2017-06-13,2017-06-19,,0,6 days 00:00:00.000000000,,M
1984,[8+],A1,11153,A05 - Onboarding,2017-06-13,2017-07-21,2017-07-24,1,38 days 00:00:00.000000000,3 days 00:00:00.000000000,M
1988,[8+],A2,10433,A03 - Offer declined,2017-02-21,2017-02-21,2017-03-02,1,0 days 00:00:00.000000000,9 days 00:00:00.000000000,M
1989,[2-4],A2,10429,A05 - Onboarding,2017-02-21,2017-02-21,2017-03-06,1,0 days 00:00:00.000000000,13 days 00:00:00.000000000,F
1994,[2-4],C2,10521,A05 - Onboarding,2017-03-09,2017-03-10,2017-03-17,1,1 days 00:00:00.000000000,7 days 00:00:00.000000000,F
2005,[8+],B2,10421,Dropped out,2017-02-21,2018-04-06,,0,409 days 00:00:00.000000000,,F
2005,[8+],B2,10442,A03 - Offer declined,2017-02-23,2017-02-23,2017-03-07,1,0 days 00:00:00.000000000,12 days 00:00:00.000000000,F
2005,[8+],B2,11059,CV refused,2017-07-11,2017-07-11,2018-03-27,0,0 days 00:00:00.000000000,259 days 00:00:00.000000000,F
2005,[8+],B2,11520,CV refused,2018-04-06,2018-04-06,,0,0 days 00:00:00.000000000,,F
2005,[8+],B2,12794,A03 - Offer declined,2018-03-29,2018-03-29,2018-03-29,1,0 days 00:00:00.000000000,0 days 00:00:00.000000000,F
2030,[2-4],B1,10688,A03 - Offer declined,2017-04-18,2017-04-18,2017-05-15,1,0 days 00:00:00.000000000,27 days 00:00:00.000000000,M
2040,[5-8],A1,10471,CV refused,2017-02-28,2017-02-28,,0,0 days 00:00:00.000000000,,F
2040,[5-8],A1,10474,Candidate refused,2017-02-28,2017-03-01,2017-03-02,0,1 days 00:00:00.000000000,1 days 00:00:00.000000000,F
2040,[5-8],A1,10615,A05 - Onboarding,2017-02-28,2017-03-01,2017-03-17,1,1 days 00:00:00.000000000,16 days 00:00:00.000000000,F
2045,[8+],A2,10484,A05 - Onboarding,2017-03-03,2017-03-03,2017-03-10,1,0 days 00:00:00.000000000,7 days 00:00:00.000000000,M
2046,[8+],A1,10486,A05 - Onboarding,2017-03-02,2017-03-02,2017-03-08,1,0 days 00:00:00.000000000,6 days 00:00:00.000000000,M
2047,[8+],A1,10478,A05 - Onboarding,2017-03-02,2017-03-02,2017-03-08,1,0 days 00:00:00.000000000,6 days 00:00:00.000000000,F
2064,[0-1],B2,12401,A05 - Onboarding,2017-03-14,2017-03-14,2017-03-14,1,0 days 00:00:00.000000000,0 days 00:00:00.000000000,M
2070,[0-1],A2,10494,A03 - Offer declined,2017-03-05,2017-03-05,2017-03-23,1,0 days 00:00:00.000000000,18 days 00:00:00.000000000,M
2070,[0-1],A2,11670,CV dropped out,2018-03-29,2018-03-30,2018-03-30,0,1 days 00:00:00.000000000,0 days 00:00:00.000000000,M
2070,[0-1],A2,11705,Candidate dropped out,2018-01-23,2018-02-23,2018-04-03,0,31 days 00:00:00.000000000,39 days 00:00:00.000000000,M
2085,[2-4],C1,12387,A05 - Onboarding,2017-03-15,2017-03-15,2017-03-15,1,0 days 00:00:00.000000000,0 days 00:00:00.000000000,M
2091,[8+],A2,10516,Candidate dropped out,2017-03-07,2017-03-07,2018-04-03,0,0 days 00:00:00.000000000,392 days 00:00:00.000000000,M
2091,[8+],A2,10518,A05 - Onboarding,2017-03-09,2017-03-09,2017-03-09,1,0 days 00:00:00.000000000,0 days 00:00:00.000000000,M
2092,[5-8],C2,10523,A03 - Offer declined,2017-03-06,2017-03-06,2017-02-27,1,0 days 00:00:00.000000000,-7 days +00:00:00.000000000,F
2093,[8+],C2,10545,A05 - Onboarding,2017-03-14,2017-03-15,2017-03-23,1,1 days 00:00:00.000000000,8 days 00:00:00.000000000,M
2094,[5-8],B1,10546,A05 - Onboarding,2017-03-13,2017-03-13,2017-04-20,1,0 days 00:00:00.000000000,38 days 00:00:00.000000000,M
2095,[8+],C2,10525,A03 - Offer declined,2017-03-10,2017-03-10,2017-03-17,1,0 days 00:00:00.000000000,7 days 00:00:00.000000000,F
2097,[0-1],A2,10536,A03 - Offer declined,2017-03-27,2017-03-27,2017-04-05,1,0 days 00:00:00.000000000,9 days 00:00:00.000000000,F
2097,[0-1],A2,10559,CV refused,2017-03-14,2017-03-16,,0,2 days 00:00:00.000000000,,F
2099,[8+],B1,10534,Candidate refused,2017-03-14,2017-03-21,2017-03-27,0,7 days 00:00:00.000000000,6 days 00:00:00.000000000,M
2099,[8+],B1,10560,Candidate refused,2017-03-14,2017-03-30,2017-03-31,0,16 days 00:00:00.000000000,1 days 00:00:00.000000000,M
2099,[8+],B1,10586,CV refused,2017-03-21,2017-03-22,,0,1 days 00:00:00.000000000,,M
2099,[8+],B1,10715,T01- Terminated,2017-04-19,2017-04-19,2017-04-20,1,0 days 00:00:00.000000000,1 days 00:00:00.000000000,M
2105,[0-1],A1,10528,Rejected,,,2018-03-30,0,,,F
2105,[0-1],A1,10539,A03 - Offer declined,2017-03-14,2017-03-15,2017-03-23,1,1 days 00:00:00.000000000,8 days 00:00:00.000000000,F
2105,[0-1],A1,10594,Rejected,,,,0,,,F
2108,[8+],B1,10542,CV refused,2017-03-15,2017-03-15,,0,0 days 00:00:00.000000000,,F
2108,[8+],B1,10787,CV refused,2017-05-09,2017-05-09,,0,0 days 00:00:00.000000000,,F
2108,[8+],B1,10972,Candidate dropped out,2017-06-23,2017-06-23,2018-04-03,0,0 days 00:00:00.000000000,284 days 00:00:00.000000000,F
2108,[8+],B1,10977,Dropped out,2017-06-19,2018-04-03,,0,288 days 00:00:00.000000000,,F
2108,[8+],B1,10989,CV refused,2017-07-06,2017-07-06,,0,0 days 00:00:00.000000000,,F
2108,[8+],B1,11003,A05 - Onboarding,2017-06-27,2017-06-27,2017-06-27,1,0 days 00:00:00.000000000,0 days 00:00:00.000000000,F
2115,[8+],B2,10549,A05 - Onboarding,2017-03-14,2017-03-17,2017-03-30,1,3 days 00:00:00.000000000,13 days 00:00:00.000000000,F
2117,[8+],A1,10548,A05 - Onboarding,2017-03-14,2017-03-17,2017-03-30,1,3 days 00:00:00.000000000,13 days 00:00:00.000000000,M
2247,[0-1],A1,12404,A05 - Onboarding,2017-03-14,2017-03-14,2017-03-14,1,0 days 00:00:00.000000000,0 days 00:00:00.000000000,M
2282,[8+],A2,10627,CV refused,2017-03-28,2017-03-28,,0,0 days 00:00:00.000000000,,F
2282,[8+],A2,10682,Candidate refused,2017-04-11,2017-04-11,2017-04-13,0,0 days 00:00:00.000000000,2 days 00:00:00.000000000,F
2282,[8+],A2,10755,A05 - Onboarding,2017-05-05,2017-05-05,2017-05-19,1,0 days 00:00:00.000000000,14 days 00:00:00.000000000,F
2282,[8+],A2,10797,Dropped out,2017-05-09,2018-04-03,,0,329 days 00:00:00.000000000,,F
2299,[8+],B1,10575,Candidate refused,2017-03-21,2017-03-22,2017-03-29,0,1 days 00:00:00.000000000,7 days 00:00:00.000000000,M
2299,[8+],B1,10576,A05 - Onboarding,2017-03-21,2017-03-22,2017-04-04,1,1 days 00:00:00.000000000,13 days 00:00:00.000000000,M
2299,[8+],B1,10612,CV refused,2017-03-21,2017-03-22,,0,1 days 00:00:00.000000000,,M
2300,[5-8],A2,10554,CV refused,2017-03-21,2017-03-21,,0,0 days 00:00:00.000000000,,M
2300,[5-8],A2,10585,Candidate refused,2017-03-21,2017-03-22,2017-03-31,0,1 days 00:00:00.000000000,9 days 00:00:00.000000000,M
2300,[5-8],A2,11009,Dropped out,2017-06-27,2018-04-06,,0,283 days 00:00:00.000000000,,M
2300,[5-8],A2,11018,A05 - Onboarding,2017-06-27,2017-06-27,2017-07-05,1,0 days 00:00:00.000000000,8 days 00:00:00.000000000,M
2324,[8+],B2,12395,A05 - Onboarding,2017-04-18,2017-04-19,2017-04-20,1,1 days 00:00:00.000000000,1 days 00:00:00.000000000,M
2351,[0-1],A1,10564,A05 - Onboarding,2017-03-15,2017-03-15,2017-03-15,1,0 days 00:00:00.000000000,0 days 00:00:00.000000000,M
2352,[0-1],A1,10565,A05 - Onboarding,2017-03-15,2017-03-15,2017-03-15,1,0 days 00:00:00.000000000,0 days 00:00:00.000000000,M
2353,[0-1],A1,10566,D01 – Resignation,2017-03-17,2017-03-17,2017-03-17,1,0 days 00:00:00.000000000,0 days 00:00:00.000000000,F
2354,[0-1],A1,10568,A05 - Onboarding,2017-03-17,2017-03-17,2017-03-17,1,0 days 00:00:00.000000000,0 days 00:00:00.000000000,M
2355,[0-1],A1,10569,A05 - Onboarding,2017-03-17,2017-03-17,2017-03-17,1,0 days 00:00:00.000000000,0 days 00:00:00.000000000,M
2357,[0-1],A2,10571,A05 - Onboarding,2017-03-17,2017-03-17,2017-03-17,1,0 days 00:00:00.000000000,0 days 00:00:00.000000000,M
2358,[0-1],A1,10572,D01 – Resignation,2017-03-17,2017-03-17,2017-03-17,1,0 days 00:00:00.000000000,0 days 00:00:00.000000000,M
2359,[0-1],A1,10573,Candidate dropped out,2017-03-17,2017-03-17,2018-04-06,0,0 days 00:00:00.000000000,385 days 00:00:00.000000000,F
2359,[0-1],A1,10961,A05 - Onboarding,2017-03-15,2017-03-16,2017-03-17,1,1 days 00:00:00.000000000,1 days 00:00:00.000000000,F
2360,[0-1],A1,10574,Candidate refused,2017-03-17,2017-03-17,2017-03-17,0,0 days 00:00:00.000000000,0 days 00:00:00.000000000,F
2360,[0-1],A1,10774,A05 - Onboarding,2017-04-17,2017-04-17,2017-05-02,1,0 days 00:00:00.000000000,15 days 00:00:00.000000000,F
2395,[5-8],B1,10635,A05 - Onboarding,2017-04-06,2017-04-07,2017-05-19,1,1 days 00:00:00.000000000,42 days 00:00:00.000000000,F
2397,[5-8],A1,10660,A05 - Onboarding,2017-04-06,2017-04-07,2017-04-24,1,1 days 00:00:00.000000000,17 days 00:00:00.000000000,M
2403,[8+],C2,12391,A05 - Onboarding,2017-05-20,2017-05-21,2017-05-21,1,1 days 00:00:00.000000000,0 days 00:00:00.000000000,M
2420,[5-8],A2,10621,A03 - Process Cancelled,2017-03-28,2017-04-04,2017-04-28,1,7 days 00:00:00.000000000,24 days 00:00:00.000000000,M
2421,[8+],A2,10639,A03 - Offer declined,2017-03-28,2017-03-28,2017-04-03,1,0 days 00:00:00.000000000,6 days 00:00:00.000000000,M
2501,[8+],C2,10637,A05 - Onboarding,2017-04-06,2017-04-07,2017-04-28,1,1 days 00:00:00.000000000,21 days 00:00:00.000000000,F
2506,[8+],A2,10689,A03 - Offer declined,2017-04-18,2017-04-18,2017-04-27,1,0 days 00:00:00.000000000,9 days 00:00:00.000000000,F
2509,[8+],A2,10685,A05 - Onboarding,2017-05-10,2017-05-10,2017-05-22,1,0 days 00:00:00.000000000,12 days 00:00:00.000000000,F
2518,[5-8],B1,11301,CV dropped out,,,,0,,,F
2518,[5-8],B1,12486,A04b – Hiring Started / Contract signed,2018-03-14,2018-03-14,2018-03-05,1,0 days 00:00:00.000000000,-9 days +00:00:00.000000000,F
2519,[8+],A1,10686,T01- Terminated,2017-04-18,2017-04-18,2017-05-05,1,0 days 00:00:00.000000000,17 days 00:00:00.000000000,M
2519,[8+],A1,10700,Rejected,,,,0,,,M
2528,[8+],B1,11047,A05 - Onboarding,2017-07-04,2017-07-11,2017-07-25,1,7 days 00:00:00.000000000,14 days 00:00:00.000000000,F
2784,[2-4],C2,10913,A05 - Onboarding,2017-06-06,2017-06-06,2017-06-09,1,0 days 00:00:00.000000000,3 days 00:00:00.000000000,F
2956,[8+],A1,11114,Rejected,,,,0,,,F
2956,[8+],A1,11115,A03 - Process Cancelled,2017-07-25,2017-07-26,2017-08-04,1,1 days 00:00:00.000000000,9 days 00:00:00.000000000,F
3087,[8+],B1,10781,D01 – Resignation,2017-05-09,2017-05-11,2017-05-12,1,2 days 00:00:00.000000000,1 days 00:00:00.000000000,M
3087,[8+],B1,10789,CV refused,2017-05-09,2017-05-09,,0,0 days 00:00:00.000000000,,M
3087,[8+],B1,10889,Rejected,2018-03-29,2018-03-30,2018-03-30,0,1 days 00:00:00.000000000,0 days 00:00:00.000000000,M
3094,[0-1],A1,10659,A03 - Offer declined,2017-04-06,2017-04-07,2017-05-19,1,1 days 00:00:00.000000000,42 days 00:00:00.000000000,M
3095,[8+],B2,10661,A03 - Offer declined,2017-04-05,2017-04-06,2017-04-27,1,1 days 00:00:00.000000000,21 days 00:00:00.000000000,F
3096,[0-1],A1,12406,A05 - Onboarding,2017-03-14,2017-03-14,2017-03-14,1,0 days 00:00:00.000000000,0 days 00:00:00.000000000,M
3369,[8+],B1,12393,A05 - Onboarding,2017-03-14,2017-03-14,2017-03-14,1,0 days 00:00:00.000000000,0 days 00:00:00.000000000,M
3456,[8+],C2,10669,A05 - Onboarding,2017-04-17,2017-04-20,2017-04-28,1,3 days 00:00:00.000000000,8 days 00:00:00.000000000,M
3497,[0-1],A1,12412,A05 - Onboarding,2017-08-14,2017-08-14,2017-08-14,1,0 days 00:00:00.000000000,0 days 00:00:00.000000000,M
3584,[2-4],B1,10684,A05 - Onboarding,2017-04-18,2017-05-02,2017-05-17,1,14 days 00:00:00.000000000,15 days 00:00:00.000000000,M
3584,[2-4],B1,10703,Rejected,,,,0,,,M
3594,[8+],B1,10690,CV refused,2017-04-18,2017-05-02,,0,14 days 00:00:00.000000000,,M
3594,[8+],B1,10696,A05 - Onboarding,2017-04-18,2017-04-28,2017-05-31,1,10 days 00:00:00.000000000,33 days 00:00:00.000000000,M
3594,[8+],B1,10788,CV refused,2017-05-09,2017-05-10,,0,1 days 00:00:00.000000000,,M
3614,[8+],C2,10909,Candidate dropped out,2017-06-06,2017-06-07,2018-04-06,0,1 days 00:00:00.000000000,303 days 00:00:00.000000000,F
3614,[8+],C2,11085,A05 - Onboarding,2017-07-15,2017-07-15,2017-07-20,1,0 days 00:00:00.000000000,5 days 00:00:00.000000000,F
3633,[8+],A1,10683,CV dropped out,,,,0,,,M
3633,[8+],A1,10834,A05 - Onboarding,2017-05-22,2017-05-25,2017-06-06,1,3 days 00:00:00.000000000,12 days 00:00:00.000000000,M
3660,[8+],A2,10430,A05 - Onboarding,2017-04-25,2017-04-25,2017-05-11,1,0 days 00:00:00.000000000,16 days 00:00:00.000000000,M
3660,[8+],A2,10431,Rejected,,,2017-05-05,0,,,M
3660,[8+],A2,10731,Approved,,,,0,,,M
3703,[8+],A1,11473,A05 - Onboarding,2017-11-13,2017-11-16,2017-11-16,1,3 days 00:00:00.000000000,0 days 00:00:00.000000000,M
3703,[8+],A1,11474,Candidate dropped out,2017-11-07,2017-11-16,,0,9 days 00:00:00.000000000,,M
3703,[8+],A1,11486,Dropped out,,2018-04-12,,0,,,M
3736,[8+],A2,10779,A05 - Onboarding,2017-05-09,2017-05-12,2017-05-19,1,3 days 00:00:00.000000000,7 days 00:00:00.000000000,F
3748,[8+],B1,10782,A05 - Onboarding,2017-05-09,2017-05-11,2017-05-24,1,2 days 00:00:00.000000000,13 days 00:00:00.000000000,F
3748,[8+],B1,10783,Candidate dropped out,2017-05-09,2017-05-11,2018-04-06,0,2 days 00:00:00.000000000,330 days 00:00:00.000000000,F
3763,[8+],B1,10886,CV refused,2017-05-31,2017-05-31,,0,0 days 00:00:00.000000000,,F
3763,[8+],B1,10905,Rejected,,,,0,,,F
3763,[8+],B1,10915,A05 - Onboarding,2017-06-06,2017-06-06,2017-06-09,1,0 days 00:00:00.000000000,3 days 00:00:00.000000000,F
3829,[8+],A2,10729,Dropped out,2017-04-27,2018-04-03,,0,341 days 00:00:00.000000000,,M
3829,[8+],A2,10732,A03 - Offer declined,2017-04-25,2017-04-25,2017-05-04,1,0 days 00:00:00.000000000,9 days 00:00:00.000000000,M
3898,[5-8],C1,12388,A05 - Onboarding,2017-05-14,2017-05-14,2017-05-14,1,0 days 00:00:00.000000000,0 days 00:00:00.000000000,F
3909,[8+],A2,10824,CV refused,2017-05-16,2017-05-18,,0,2 days 00:00:00.000000000,,M
3909,[8+],A2,10853,Candidate dropped out,2017-05-31,2017-06-01,2018-04-03,0,1 days 00:00:00.000000000,306 days 00:00:00.000000000,M
3909,[8+],A2,10894,Candidate refused,2017-05-29,2017-06-07,2017-07-06,0,9 days 00:00:00.000000000,29 days 00:00:00.000000000,M
3909,[8+],A2,11019,CV refused,2017-07-04,2017-07-05,,0,1 days 00:00:00.000000000,,M
3909,[8+],A2,11225,Rejected,,,,0,,,M
3909,[8+],A2,11305,A05 - Onboarding,2017-08-27,2017-09-20,2017-09-26,1,24 days 00:00:00.000000000,6 days 00:00:00.000000000,M
3910,[8+],A2,10742,A03 - Offer declined,2017-05-05,2017-05-05,2017-05-19,1,0 days 00:00:00.000000000,14 days 00:00:00.000000000,F
3990,[8+],B2,10785,A05 - Onboarding,2017-05-09,2017-05-11,2017-05-24,1,2 days 00:00:00.000000000,13 days 00:00:00.000000000,F
3990,[8+],B2,10791,Dropped out,2017-05-09,2018-04-03,,0,329 days 00:00:00.000000000,,F
4031,[8+],C1,12396,A05 - Onboarding,2017-03-14,2017-03-14,2017-03-14,1,0 days 00:00:00.000000000,0 days 00:00:00.000000000,F
4041,[8+],A1,10777,A05 - Onboarding,2017-05-09,2017-05-11,2017-05-19,1,2 days 00:00:00.000000000,8 days 00:00:00.000000000,M
4165,[5-8],A1,10974,Approved,,,,0,,,M
4165,[5-8],A1,11213,A05 - Onboarding,2017-08-21,2017-08-21,2017-09-05,1,0 days 00:00:00.000000000,15 days 00:00:00.000000000,M
4265,[8+],B2,10805,Candidate dropped out,2017-05-16,2017-05-31,2018-04-06,0,15 days 00:00:00.000000000,310 days 00:00:00.000000000,F
4265,[8+],B2,10815,Dropped out,2017-05-16,2018-04-03,,0,322 days 00:00:00.000000000,,F
4265,[8+],B2,11337,A03 - Offer declined,2017-10-03,2017-10-04,2017-10-04,1,1 days 00:00:00.000000000,0 days 00:00:00.000000000,F
4289,[8+],A1,10821,A05 - Onboarding,2017-05-16,2017-05-17,2017-05-19,1,1 days 00:00:00.000000000,2 days 00:00:00.000000000,F
4291,[8+],A1,10809,CV refused,2017-05-16,2017-05-16,,0,0 days 00:00:00.000000000,,M
4291,[8+],A1,10982,A03 - Offer declined,2017-06-20,2017-06-27,2017-07-04,1,7 days 00:00:00.000000000,7 days 00:00:00.000000000,M
4353,[8+],A1,10902,A03 - Offer declined,2017-06-01,2017-06-05,2017-06-19,1,4 days 00:00:00.000000000,14 days 00:00:00.000000000,F
4398,[8+],A1,10836,A03 - Process Cancelled,2017-05-23,2017-05-24,2017-06-06,1,1 days 00:00:00.000000000,13 days 00:00:00.000000000,M
4398,[8+],A1,10849,Dropped out,2017-05-24,2017-05-25,,0,1 days 00:00:00.000000000,,M
4398,[8+],A1,11706,A03 - Process Cancelled,2018-01-23,2018-03-07,2017-06-06,1,43 days 00:00:00.000000000,-274 days +00:00:00.000000000,M
4400,[8+],A1,10837,Dropped out,2017-05-23,2018-04-03,,0,315 days 00:00:00.000000000,,F
4400,[8+],A1,10859,Candidate dropped out,2017-05-31,2017-06-01,2018-04-03,0,1 days 00:00:00.000000000,306 days 00:00:00.000000000,F
4400,[8+],A1,10892,Candidate refused,2017-05-29,2017-05-29,2017-07-05,0,0 days 00:00:00.000000000,37 days 00:00:00.000000000,F
4400,[8+],A1,11145,A03 - Offer declined,2017-08-03,2017-09-18,2017-09-25,1,46 days 00:00:00.000000000,7 days 00:00:00.000000000,F
4428,[2-4],B1,10843,A05 - Onboarding,2017-05-23,2017-06-07,2017-06-21,1,15 days 00:00:00.000000000,14 days 00:00:00.000000000,F
4437,[0-1],B2,12397,A05 - Onboarding,2017-03-14,2017-03-14,2017-03-14,1,0 days 00:00:00.000000000,0 days 00:00:00.000000000,M
4471,[8+],C2,12399,A05 - Onboarding,2017-03-14,2017-03-14,2017-03-14,1,0 days 00:00:00.000000000,0 days 00:00:00.000000000,M
4503,[8+],B2,10847,A05 - Onboarding,2017-06-06,2017-06-12,2017-06-27,1,6 days 00:00:00.000000000,15 days 00:00:00.000000000,F
4503,[8+],B2,10943,Dropped out,2017-06-13,2018-04-06,,0,297 days 00:00:00.000000000,,F
4503,[8+],B2,10944,CV refused,2017-06-13,2017-06-15,,0,2 days 00:00:00.000000000,,F
4542,[8+],A1,10855,Dropped out,2017-05-31,2018-04-03,,0,307 days 00:00:00.000000000,,M
4542,[8+],A1,10925,CV refused,2017-06-16,2017-06-16,,0,0 days 00:00:00.000000000,,M
4542,[8+],A1,11644,A05 - Onboarding,2018-01-04,2018-01-04,2018-01-17,1,0 days 00:00:00.000000000,13 days 00:00:00.000000000,M
4544,[8+],B1,10874,CV refused,2017-05-30,2017-05-31,,0,1 days 00:00:00.000000000,,F
4544,[8+],B1,10875,CV refused,2017-05-30,2017-05-31,,0,1 days 00:00:00.000000000,,F
4544,[8+],B1,10906,Dropped out,2017-06-07,2018-04-03,,0,300 days 00:00:00.000000000,,F
4544,[8+],B1,10914,Candidate dropped out,2017-06-06,2017-06-06,2018-04-06,0,0 days 00:00:00.000000000,304 days 00:00:00.000000000,F
4544,[8+],B1,10960,A03 - Offer declined,2017-06-13,2017-06-13,2017-06-13,1,0 days 00:00:00.000000000,0 days 00:00:00.000000000,F
4597,[8+],A2,10860,Dropped out,2017-05-31,2018-04-03,,0,307 days 00:00:00.000000000,,M
4597,[8+],A2,10896,A05 - Onboarding,2017-05-29,2017-05-29,2017-06-13,1,0 days 00:00:00.000000000,15 days 00:00:00.000000000,M
4620,[5-8],B1,10884,A03 - Offer declined,2017-05-30,2017-05-30,2017-06-13,1,0 days 00:00:00.000000000,14 days 00:00:00.000000000,F
4641,[8+],A2,10904,A05 - Onboarding,2017-06-07,2017-06-07,2017-06-14,1,0 days 00:00:00.000000000,7 days 00:00:00.000000000,F
4646,[8+],C2,12400,A05 - Onboarding,2017-03-14,2017-03-14,2017-03-14,1,0 days 00:00:00.000000000,0 days 00:00:00.000000000,M
4692,[8+],B1,11013,CV refused,2017-06-27,2017-07-03,,0,6 days 00:00:00.000000000,,M
4692,[8+],B1,11096,Approved,,,,0,,,M
4692,[8+],B1,11118,Candidate dropped out,2017-07-25,2017-07-27,2018-04-06,0,2 days 00:00:00.000000000,253 days 00:00:00.000000000,M
4692,[8+],B1,11119,A05 - Onboarding,2017-07-25,2017-07-25,2017-08-02,1,0 days 00:00:00.000000000,8 days 00:00:00.000000000,M
4764,[5-8],C1,10890,A05 - Onboarding,2017-06-07,2017-06-19,2017-06-21,1,12 days 00:00:00.000000000,2 days 00:00:00.000000000,M
4806,[8+],B1,10910,Dropped out,2017-06-06,2018-04-06,,0,304 days 00:00:00.000000000,,M
4806,[8+],B1,11084,A05 - Onboarding,2017-07-19,2017-07-19,2017-07-19,1,0 days 00:00:00.000000000,0 days 00:00:00.000000000,M
4808,[5-8],B1,10940,A05 - Onboarding,2017-06-13,2017-06-19,2017-06-26,1,6 days 00:00:00.000000000,7 days 00:00:00.000000000,M
4890,[8+],A1,11037,A05 - Onboarding,2017-07-04,2017-07-31,2017-09-28,1,27 days 00:00:00.000000000,59 days 00:00:00.000000000,M
4917,[5-8],A1,10927,A05 - Onboarding,2017-07-04,2017-07-04,2017-08-04,1,0 days 00:00:00.000000000,31 days 00:00:00.000000000,M
4949,[5-8],B1,11132,A03 - Offer declined,2017-07-25,2017-07-25,2017-08-11,1,0 days 00:00:00.000000000,17 days 00:00:00.000000000,M
4987,[0-1],C2,12459,A03 - Process Cancelled,2017-05-14,2017-05-14,2017-05-15,1,0 days 00:00:00.000000000,1 days 00:00:00.000000000,F
5067,[8+],A1,11021,Candidate dropped out,2017-06-27,2017-06-27,2018-04-03,0,0 days 00:00:00.000000000,280 days 00:00:00.000000000,M
5067,[8+],A1,11050,Rejected,,,,0,,,M
5067,[8+],A1,11056,A05 - Onboarding,2017-07-11,2017-07-12,2017-08-02,1,1 days 00:00:00.000000000,21 days 00:00:00.000000000,M
5108,[5-8],A2,11014,A03 - Offer declined,2017-06-27,2017-06-27,2017-07-07,1,0 days 00:00:00.000000000,10 days 00:00:00.000000000,M
5108,[5-8],A2,11582,Candidate dropped out,2017-12-12,2017-12-14,2018-04-06,0,2 days 00:00:00.000000000,113 days 00:00:00.000000000,M
5109,[2-4],B1,11045,A05 - Onboarding,2017-07-04,2017-07-04,2017-07-07,1,0 days 00:00:00.000000000,3 days 00:00:00.000000000,M
5113,[5-8],A2,11022,A05 - Onboarding,2017-06-27,2017-06-28,2017-07-05,1,1 days 00:00:00.000000000,7 days 00:00:00.000000000,F
5149,[5-8],C2,11058,CV refused,2018-04-06,2018-04-06,,0,0 days 00:00:00.000000000,,F
5149,[5-8],C2,11465,A03 - Offer declined,2017-11-11,2017-11-20,2017-12-06,1,9 days 00:00:00.000000000,16 days 00:00:00.000000000,F
5149,[5-8],C2,11494,Candidate dropped out,2017-11-21,2017-11-21,2018-04-06,0,0 days 00:00:00.000000000,136 days 00:00:00.000000000,F
5189,[0-1],A1,12403,A05 - Onboarding,2017-03-14,2017-03-14,2017-03-14,1,0 days 00:00:00.000000000,0 days 00:00:00.000000000,F
5190,[0-1],A1,12402,A05 - Onboarding,2017-03-14,2017-03-14,2017-03-14,1,0 days 00:00:00.000000000,0 days 00:00:00.000000000,F
5280,[8+],A1,11001,A05 - Onboarding,2017-06-30,2017-07-03,2017-09-05,1,3 days 00:00:00.000000000,64 days 00:00:00.000000000,F
5372,[5-8],A1,11028,A03 - Offer declined,2017-07-05,2017-07-27,2017-08-04,1,22 days 00:00:00.000000000,8 days 00:00:00.000000000,M
5372,[5-8],A1,12793,Candidate dropped out,2018-03-29,2018-03-29,2017-08-04,0,0 days 00:00:00.000000000,-237 days +00:00:00.000000000,M
5376,[2-4],A2,11032,A03 - Offer declined,2017-07-06,2017-07-10,2017-07-14,1,4 days 00:00:00.000000000,4 days 00:00:00.000000000,M
5376,[2-4],A2,11057,Dropped out,2017-07-11,2018-04-06,,0,269 days 00:00:00.000000000,,M
5402,[0-1],C2,12409,A05 - Onboarding,2017-03-14,2017-03-14,2017-03-14,1,0 days 00:00:00.000000000,0 days 00:00:00.000000000,M
5430,[8+],B1,11210,A03 - Offer declined,2017-08-22,2017-08-24,2017-08-30,1,2 days 00:00:00.000000000,6 days 00:00:00.000000000,M
5430,[8+],B1,11578,CV refused,2017-12-19,2018-01-05,,0,17 days 00:00:00.000000000,,M
5445,[8+],C2,11062,CV refused,2017-07-11,2017-08-10,,0,30 days 00:00:00.000000000,,F
5445,[8+],C2,11387,CV refused,2017-10-17,2017-11-14,,0,28 days 00:00:00.000000000,,F
5445,[8+],C2,11543,A05 - Onboarding,2017-12-07,2017-12-19,2017-12-21,1,12 days 00:00:00.000000000,2 days 00:00:00.000000000,F
5534,[5-8],A1,11052,Candidate dropped out,2017-07-15,2017-07-27,2018-04-03,0,12 days 00:00:00.000000000,250 days 00:00:00.000000000,M
5534,[5-8],A1,11121,Rejected,,,,0,,,M
5534,[5-8],A1,11174,A05 - Onboarding,2017-08-02,2017-08-02,2017-08-08,1,0 days 00:00:00.000000000,6 days 00:00:00.000000000,M
5536,[8+],A1,11460,A03 - Offer declined,2017-11-07,2017-11-13,2017-11-22,1,6 days 00:00:00.000000000,9 days 00:00:00.000000000,M
5536,[8+],A1,11461,CV refused,2017-11-07,2017-11-07,,0,0 days 00:00:00.000000000,,M
5536,[8+],A1,11466,CV refused,2017-11-05,2017-11-05,,0,0 days 00:00:00.000000000,,M
5536,[8+],A1,11495,Rejected,,,,0,,,M
5603,[0-1],C2,12410,A05 - Onboarding,2017-03-14,2017-03-14,2017-03-14,1,0 days 00:00:00.000000000,0 days 00:00:00.000000000,M
5616,[2-4],A1,11080,Candidate dropped out,2017-07-18,2017-07-19,2018-04-03,0,1 days 00:00:00.000000000,258 days 00:00:00.000000000,F
5616,[2-4],A1,11123,CV refused,2017-07-25,2017-08-07,,0,13 days 00:00:00.000000000,,F
5616,[2-4],A1,11175,A05 - Onboarding,2017-07-14,2017-08-08,2017-08-08,1,25 days 00:00:00.000000000,0 days 00:00:00.000000000,F
5665,[0-1],A1,11095,A03 - Offer declined,2017-07-26,2017-08-02,2017-08-08,1,7 days 00:00:00.000000000,6 days 00:00:00.000000000,M
5699,[5-8],A1,11110,A03 - Offer declined,2017-07-25,2017-08-08,2017-09-06,1,14 days 00:00:00.000000000,29 days 00:00:00.000000000,F
5764,[8+],A1,11211,A05 - Onboarding,2017-08-22,2017-08-22,2017-08-23,1,0 days 00:00:00.000000000,1 days 00:00:00.000000000,F
5780,[5-8],A1,11094,Rejected,,2018-03-30,2018-03-30,0,,0 days 00:00:00.000000000,M
5780,[5-8],A1,11488,A03 - Process Cancelled,2017-11-23,2017-11-27,2018-01-22,1,4 days 00:00:00.000000000,56 days 00:00:00.000000000,M
5866,[2-4],A2,11141,CV refused,2017-08-03,2017-08-03,,0,0 days 00:00:00.000000000,,F
5866,[2-4],A2,11744,CV refused,2018-02-06,2018-02-07,,0,1 days 00:00:00.000000000,,F
5866,[2-4],A2,11750,Dropped out,2018-02-06,2018-02-20,2018-02-28,0,14 days 00:00:00.000000000,8 days 00:00:00.000000000,F
5866,[2-4],A2,12484,A03 - Offer declined,2018-03-14,2018-03-14,2018-02-28,1,0 days 00:00:00.000000000,-14 days +00:00:00.000000000,F
5906,[2-4],A1,11161,A03 - Offer declined,2017-08-08,2017-08-08,2017-08-17,1,0 days 00:00:00.000000000,9 days 00:00:00.000000000,F
5946,[0-1],A1,11155,A05 - Onboarding,2017-08-01,2017-08-01,2017-08-11,1,0 days 00:00:00.000000000,10 days 00:00:00.000000000,F
5956,[8+],A1,11154,CV refused,2017-08-08,2017-08-09,,0,1 days 00:00:00.000000000,,M
5956,[8+],A1,11534,A03 - Process Cancelled,2017-11-28,2017-11-28,2018-01-10,1,0 days 00:00:00.000000000,43 days 00:00:00.000000000,M
5958,[2-4],A1,11185,Candidate dropped out,2017-08-17,2017-08-17,,0,0 days 00:00:00.000000000,,M
5958,[2-4],A1,11330,Rejected,2017-10-13,,,0,,,M
5958,[2-4],A1,11428,Dropped out,,2018-04-12,,0,,,M
5958,[2-4],A1,11431,Dropped out,2017-10-31,2018-04-06,,0,157 days 00:00:00.000000000,,M
5958,[2-4],A1,11432,A05 - Onboarding,2017-10-31,2017-11-15,2017-11-23,1,15 days 00:00:00.000000000,8 days 00:00:00.000000000,M
6012,[8+],C2,11214,A05 - Onboarding,2017-08-29,2017-08-29,2017-11-09,1,0 days 00:00:00.000000000,72 days 00:00:00.000000000,F
6022,[0-1],A2,11188,Candidate refused,2017-08-11,2017-09-11,2017-09-18,0,31 days 00:00:00.000000000,7 days 00:00:00.000000000,F
6022,[0-1],A2,12028,A03 - Offer accepted,2018-02-13,2018-02-21,2018-03-01,1,8 days 00:00:00.000000000,8 days 00:00:00.000000000,F
6094,[8+],A1,11204,A05 - Onboarding,2017-08-22,2017-08-22,2017-08-28,1,0 days 00:00:00.000000000,6 days 00:00:00.000000000,M
6196,[8+],A1,11376,A05 - Onboarding,2017-10-25,2017-10-25,2017-11-06,1,0 days 00:00:00.000000000,12 days 00:00:00.000000000,M
6196,[8+],A1,11379,Dropped out,2017-10-17,2018-04-06,,0,171 days 00:00:00.000000000,,M
6196,[8+],A1,11392,Candidate dropped out,2017-10-17,2017-10-17,2018-04-06,0,0 days 00:00:00.000000000,171 days 00:00:00.000000000,M
6223,[8+],C1,11215,A05 - Onboarding,2017-08-29,2017-09-04,2017-09-05,1,6 days 00:00:00.000000000,1 days 00:00:00.000000000,F
6236,[8+],B1,11350,A05 - Onboarding,2017-09-20,2017-09-20,2017-10-09,1,0 days 00:00:00.000000000,19 days 00:00:00.000000000,M
6300,[8+],A1,11286,A03 - Offer declined,2017-09-20,2017-09-20,2017-09-29,1,0 days 00:00:00.000000000,9 days 00:00:00.000000000,M
6308,[8+],A1,11308,Candidate dropped out,2017-09-25,2017-09-25,2018-04-03,0,0 days 00:00:00.000000000,190 days 00:00:00.000000000,F
6308,[8+],A1,11315,A05 - Onboarding,2017-09-26,2017-09-27,2017-10-10,1,1 days 00:00:00.000000000,13 days 00:00:00.000000000,F
6308,[8+],A1,11316,Dropped out,2017-09-26,2018-04-06,,0,192 days 00:00:00.000000000,,F
6308,[8+],A1,11317,Candidate dropped out,2017-09-26,2017-09-27,2018-04-06,0,1 days 00:00:00.000000000,191 days 00:00:00.000000000,F
6313,[2-4],B1,11236,A05 - Onboarding,2017-09-05,2017-09-06,2017-09-11,1,1 days 00:00:00.000000000,5 days 00:00:00.000000000,F
6333,[8+],A1,11254,A05 - Onboarding,2017-09-12,2017-09-15,2017-09-22,1,3 days 00:00:00.000000000,7 days 00:00:00.000000000,F
6515,[0-1],A2,11289,A05 - Onboarding,2017-09-20,2017-09-20,2017-09-29,1,0 days 00:00:00.000000000,9 days 00:00:00.000000000,F
6516,[5-8],B2,11322,CV refused,2017-09-26,2017-09-27,,0,1 days 00:00:00.000000000,,F
6516,[5-8],B2,11581,CV refused,2017-12-12,,,0,,,F
6516,[5-8],B2,11651,A05 - Onboarding,2017-12-29,2018-01-03,2018-02-14,1,5 days 00:00:00.000000000,42 days 00:00:00.000000000,F
6518,[8+],A1,11313,A03 - Offer declined,2017-09-21,2017-09-21,2017-10-04,1,0 days 00:00:00.000000000,13 days 00:00:00.000000000,F
6520,[8+],A1,11290,A03 - Process Cancelled,2017-09-20,2017-09-20,2017-09-29,1,0 days 00:00:00.000000000,9 days 00:00:00.000000000,M
6686,[8+],A1,11303,A03 - Process Cancelled,2017-09-26,2017-09-26,2017-10-10,1,0 days 00:00:00.000000000,14 days 00:00:00.000000000,F
6912,[8+],A1,11340,A03 - Offer declined,2017-10-03,2017-10-25,2017-12-08,1,22 days 00:00:00.000000000,44 days 00:00:00.000000000,F
6918,[2-4],A1,11395,A05 - Onboarding,2017-11-02,2017-11-03,2017-11-13,1,1 days 00:00:00.000000000,10 days 00:00:00.000000000,M
7010,[2-4],A1,11266,Candidate refused,2017-10-25,2017-10-25,2017-10-26,0,0 days 00:00:00.000000000,1 days 00:00:00.000000000,M
7010,[2-4],A1,11380,A05 - Onboarding,2017-10-17,2017-10-17,2017-10-26,1,0 days 00:00:00.000000000,9 days 00:00:00.000000000,M
7134,[8+],A1,11366,CV refused,2017-10-17,2017-10-17,,0,0 days 00:00:00.000000000,,M
7134,[8+],A1,11384,Rejected,2018-03-27,,,0,,,M
7134,[8+],A1,11452,A03 - Process Cancelled,2017-11-08,2017-11-21,2017-12-21,1,13 days 00:00:00.000000000,30 days 00:00:00.000000000,M
7134,[8+],A1,11554,Rejected,,,,0,,,M
7134,[8+],A1,11566,Dropped out,2017-12-05,2018-04-06,,0,122 days 00:00:00.000000000,,M
7134,[8+],A1,11703,CV refused,2018-01-22,2018-02-02,,0,11 days 00:00:00.000000000,,M
7181,[8+],A1,11421,A05 - Onboarding,2017-10-30,2017-10-30,2017-11-07,1,0 days 00:00:00.000000000,8 days 00:00:00.000000000,M
7181,[8+],A1,11445,Dropped out,2017-10-31,2018-04-03,,0,154 days 00:00:00.000000000,,M
7318,[8+],A2,11403,CV refused,2017-10-23,2017-10-23,,0,0 days 00:00:00.000000000,,F
7318,[8+],A2,11407,CV refused,2017-10-23,2017-10-23,,0,0 days 00:00:00.000000000,,F
7318,[8+],A2,11451,Dropped out,2017-11-08,2018-04-10,2018-04-06,0,153 days 00:00:00.000000000,-4 days +00:00:00.000000000,F
7318,[8+],A2,11506,A03 - Offer declined,2017-11-22,2017-11-22,2017-11-30,1,0 days 00:00:00.000000000,8 days 00:00:00.000000000,F
7319,[2-4],A1,11404,CV refused,2017-10-23,2017-10-23,,0,0 days 00:00:00.000000000,,M
7319,[2-4],A1,11408,CV refused,2017-10-23,2017-10-23,,0,0 days 00:00:00.000000000,,M
7319,[2-4],A1,11508,A05 - Onboarding,2017-12-06,2017-12-06,2017-12-11,1,0 days 00:00:00.000000000,5 days 00:00:00.000000000,M
7539,[8+],A1,11455,A05 - Onboarding,2017-11-07,2017-11-07,2017-11-22,1,0 days 00:00:00.000000000,15 days 00:00:00.000000000,M
7767,[2-4],A1,11507,A05 - Onboarding,2017-11-22,2017-11-22,2017-11-30,1,0 days 00:00:00.000000000,8 days 00:00:00.000000000,F
7799,[8+],A1,11505,A05 - Onboarding,2017-11-22,2017-11-22,2017-11-30,1,0 days 00:00:00.000000000,8 days 00:00:00.000000000,M
7856,[8+],A1,11475,A05 - Onboarding,2017-11-13,2017-11-13,2017-11-22,1,0 days 00:00:00.000000000,9 days 00:00:00.000000000,F
7887,[5-8],A1,11628,Dropped out,,,,0,,,F
7887,[5-8],A1,11634,CV refused,2018-01-03,2018-01-04,,0,1 days 00:00:00.000000000,,F
7887,[5-8],A1,11636,A03 - Offer declined,2018-01-03,2018-01-22,2018-01-23,1,19 days 00:00:00.000000000,1 days 00:00:00.000000000,F
7889,[8+],A1,11527,A05 - Onboarding,2017-11-29,2017-12-13,2017-12-21,1,14 days 00:00:00.000000000,8 days 00:00:00.000000000,M
7889,[8+],A1,11557,Candidate dropped out,2017-12-05,2017-12-11,2018-04-03,0,6 days 00:00:00.000000000,113 days 00:00:00.000000000,M
7987,[8+],A1,11487,A05 - Onboarding,2017-11-21,2017-11-21,2017-12-19,1,0 days 00:00:00.000000000,28 days 00:00:00.000000000,F
8047,[8+],A1,11519,D01 – Resignation,2017-11-21,2017-11-21,2017-11-23,1,0 days 00:00:00.000000000,2 days 00:00:00.000000000,M
8190,[2-4],A1,11525,A03 - Offer declined,2017-11-29,2017-12-12,2017-12-19,1,13 days 00:00:00.000000000,7 days 00:00:00.000000000,M
8190,[2-4],A1,11526,Dropped out,2017-11-29,2018-04-10,2018-04-03,0,132 days 00:00:00.000000000,-7 days +00:00:00.000000000,M
8218,[8+],A1,11491,A05 - Onboarding,2017-11-21,2017-11-21,2017-12-05,1,0 days 00:00:00.000000000,14 days 00:00:00.000000000,F
8256,[2-4],B2,11589,Rejected,,2018-03-30,2018-03-30,0,,0 days 00:00:00.000000000,F
8256,[2-4],B2,11614,CV refused,2017-12-19,2017-12-19,,0,0 days 00:00:00.000000000,,F
8256,[2-4],B2,11643,A05 - Onboarding,2018-01-04,2018-01-04,2018-01-09,1,0 days 00:00:00.000000000,5 days 00:00:00.000000000,F
8434,[8+],A1,11523,A05 - Onboarding,2017-11-27,2017-11-27,2017-12-19,1,0 days 00:00:00.000000000,22 days 00:00:00.000000000,F
8649,[8+],A1,11541,A05 - Onboarding,2017-12-06,2017-12-12,2017-12-19,1,6 days 00:00:00.000000000,7 days 00:00:00.000000000,F
8821,[8+],B1,11625,A03 - Offer declined,2018-01-03,2018-01-03,2018-01-19,1,0 days 00:00:00.000000000,16 days 00:00:00.000000000,M
8834,[8+],B2,11630,A05 - Onboarding,2018-01-04,2018-01-04,2018-01-11,1,0 days 00:00:00.000000000,7 days 00:00:00.000000000,F
8855,[8+],Native,11626,A04b – Hiring Started / Contract signed,2018-01-04,2018-01-08,2018-01-17,1,4 days 00:00:00.000000000,9 days 00:00:00.000000000,M
8872,[8+],Native,11624,A03 - Offer declined,2017-12-19,2017-12-19,2018-01-15,1,0 days 00:00:00.000000000,27 days 00:00:00.000000000,F
8902,[2-4],Native,11684,CV refused,2018-01-16,2018-01-17,,0,1 days 00:00:00.000000000,,M
8902,[2-4],Native,11686,A05 - Onboarding,2018-01-16,2018-01-18,2018-02-08,1,2 days 00:00:00.000000000,21 days 00:00:00.000000000,M
8946,[8+],A1,11638,A05 - Onboarding,2018-01-03,2018-01-03,2018-01-16,1,0 days 00:00:00.000000000,13 days 00:00:00.000000000,M
8946,[8+],A1,11640,Dropped out,2018-01-05,2018-04-03,,0,88 days 00:00:00.000000000,,M
8946,[8+],A1,11649,CV refused,,2018-04-10,,0,,,M
9091,[5-8],B1,11675,A05 - Onboarding,2018-01-19,2018-01-19,2018-01-31,1,0 days 00:00:00.000000000,12 days 00:00:00.000000000,F
9250,[8+],B1,12413,A05 - Onboarding,2017-08-05,2017-08-05,2017-08-05,1,0 days 00:00:00.000000000,0 days 00:00:00.000000000,F
9675,[8+],A1,11775,A04b – Hiring Started / Contract signed,2018-02-12,2018-02-13,2018-02-15,1,1 days 00:00:00.000000000,2 days 00:00:00.000000000,M
12340,[8+],A1,12461,A03 - Process Cancelled,2017-05-13,2017-05-14,2017-05-15,1,1 days 00:00:00.000000000,1 days 00:00:00.000000000,M
12340,[8+],A1,12872,A04 - Hiring Request Started,2018-03-26,2018-03-26,2018-03-26,1,0 days 00:00:00.000000000,0 days 00:00:00.000000000,M
12521,[8+],A1,12860,A04b – Hiring Started / Contract signed,2018-03-29,2018-03-29,2018-03-26,1,0 days 00:00:00.000000000,-3 days +00:00:00.000000000,M
12610,[2-4],A1,12389,A05 - Onboarding,2017-11-02,2017-11-02,2017-11-02,1,0 days 00:00:00.000000000,0 days 00:00:00.000000000,M
12611,[8+],A1,12398,A05 - Onboarding,2017-03-14,2017-03-14,2017-03-14,1,0 days 00:00:00.000000000,0 days 00:00:00.000000000,M
12612,[5-8],A1,12613,A05 - Onboarding,2018-03-07,2018-03-09,2018-03-23,1,2 days 00:00:00.000000000,14 days 00:00:00.000000000,F
12612,[5-8],A1,12825,Dropped out,2018-03-29,2018-04-03,,0,5 days 00:00:00.000000000,,F
12612,[5-8],A1,12828,Dropped out,2018-03-29,2018-04-03,2018-04-03,0,5 days 00:00:00.000000000,0 days 00:00:00.000000000,F
12732,[0-1],A2,12408,A05 - Onboarding,2018-03-14,2018-03-14,2018-03-14,1,0 days 00:00:00.000000000,0 days 00:00:00.000000000,M
12736,[0-1],C2,12411,A05 - Onboarding,2018-03-14,2018-03-14,2018-03-14,1,0 days 00:00:00.000000000,0 days 00:00:00.000000000,F
12737,[0-1],A1,12453,A03 - Process Cancelled,2017-06-13,2017-06-14,2017-06-15,1,1 days 00:00:00.000000000,1 days 00:00:00.000000000,M
13042,[5-8],A1,13164,Dropped out,2018-04-23,2018-04-24,,0,1 days 00:00:00.000000000,,F
13042,[5-8],A1,13176,Candidate dropped out,2018-04-23,2018-04-24,2018-04-24,0,1 days 00:00:00.000000000,0 days 00:00:00.000000000,F
13042,[5-8],A1,13177,A03 - Offer declined,2018-04-18,2018-04-18,2018-04-24,1,0 days 00:00:00.000000000,6 days 00:00:00.000000000,F
352,[2-4],B2,11422,Rejected,,,,0,,,F
352,[2-4],B2,11442,CV refused,2017-10-31,2017-11-14,,0,14 days 00:00:00.000000000,,F
352,[2-4],B2,11513,Dropped out,,2018-04-12,,0,,,F
352,[2-4],B2,11570,CV refused,2017-12-12,2017-12-13,,0,1 days 00:00:00.000000000,,F
352,[2-4],B2,11752,Candidate refused,2018-02-06,2018-02-09,2018-03-16,0,3 days 00:00:00.000000000,35 days 00:00:00.000000000,F
352,[2-4],B2,513,Matched,,,,0,,,F
353,[8+],A2,11717,CV refused,2018-01-30,2018-01-31,,0,1 days 00:00:00.000000000,,F
353,[8+],A2,514,Matched,,,,0,,,F
356,[5-8],A2,10963,Rejected,,2018-03-30,2018-03-30,0,,0 days 00:00:00.000000000,F
356,[5-8],A2,11252,Rejected,2018-03-27,2018-03-27,2017-09-18,0,0 days 00:00:00.000000000,-190 days +00:00:00.000000000,F
356,[5-8],A2,11268,Candidate dropped out,2017-09-25,2017-09-25,2018-04-03,0,0 days 00:00:00.000000000,190 days 00:00:00.000000000,F
356,[5-8],A2,517,Matched,,,,0,,,F
378,[8+],Native,11773,Approved,,,,0,,,F
378,[8+],Native,507,Dropped out,2018-03-02,2018-03-02,,0,0 days 00:00:00.000000000,,F
391,[8+],B2,11950,Matched,,,,0,,,F
433,[5-8],A1,11702,CV refused,2018-01-23,2018-03-07,,0,43 days 00:00:00.000000000,,F
433,[5-8],A1,11871,Matched,,,,0,,,F
433,[5-8],A1,12850,CV approved,2018-03-29,2018-04-17,,0,19 days 00:00:00.000000000,,F
447,[8+],A1,11812,CV refused,2018-02-21,2018-03-23,,0,30 days 00:00:00.000000000,,M
458,[2-4],A1,11962,Matched,,,,0,,,F
491,[5-8],A2,12030,Matched,,,,0,,,F
526,[8+],B2,11735,CV refused,2018-02-06,2018-02-06,,0,0 days 00:00:00.000000000,,M
1226,[8+],A1,10040,Rejected,,,,0,,,F
9374,[8+],A1,12376,Dropped out,2018-03-07,2018-04-03,,0,27 days 00:00:00.000000000,,F
9374,[8+],A1,12820,Dropped out,2018-03-29,2018-04-03,,0,5 days 00:00:00.000000000,,F
9374,[8+],A1,13168,CV sent to France,,,,0,,,F
9662,[8+],A2,11785,Candidate dropped out,2018-02-14,2018-02-19,2018-04-03,0,5 days 00:00:00.000000000,43 days 00:00:00.000000000,M
9662,[8+],A2,12072,CV sent to France,,,,0,,,M
9662,[8+],A2,12831,CV refused,2018-03-29,2018-03-29,,0,0 days 00:00:00.000000000,,M
9820,[8+],A1,12063,Matched,,,,0,,,M
9820,[8+],A1,12808,Dropped out,2018-03-29,2018-04-03,,0,5 days 00:00:00.000000000,,M
9820,[8+],A1,12829,Dropped out,2018-03-29,2018-04-03,2018-04-03,0,5 days 00:00:00.000000000,0 days 00:00:00.000000000,M
9820,[8+],A1,12832,CV refused,2018-03-29,2018-03-29,,0,0 days 00:00:00.000000000,,M
9820,[8+],A1,13147,Dropped out,2018-05-02,2018-05-02,,0,0 days 00:00:00.000000000,,M
11879,[8+],Native,13386,Matched,,,,0,,,M
11880,[8+],B2,12081,Matched,,,,0,,,F
11880,[8+],B2,13377,Matched,,,,0,,,F
11884,[8+],A2,12385,Dropped out,2018-03-07,2018-04-03,,0,27 days 00:00:00.000000000,,F
12002,[8+],A2,13150,Rejected,,,,0,,,M
12024,[5-8],A1,13019,CV approved,2018-04-23,2018-04-24,,0,1 days 00:00:00.000000000,,F
12024,[5-8],A1,13091,Matched,,,,0,,,F
12039,[5-8],C1,12589,Matched,,,,0,,,F
12039,[5-8],C1,12862,Dropped out,2018-03-29,2018-04-03,,0,5 days 00:00:00.000000000,,F
12039,[5-8],C1,12887,CV refused,2018-03-29,2018-04-03,,0,5 days 00:00:00.000000000,,F
12039,[5-8],C1,13162,Rejected,,,,0,,,F
12062,[0-1],Native,13387,Matched,,,,0,,,M
12085,[2-4],B1,12870,Approved,,,,0,,,M
12085,[2-4],B1,13289,Candidate dropped out,2018-04-25,2018-04-26,2018-05-02,0,1 days 00:00:00.000000000,6 days 00:00:00.000000000,M
12088,[8+],B1,13302,Candidate refused,2018-04-30,2018-04-30,2018-04-30,0,0 days 00:00:00.000000000,0 days 00:00:00.000000000,M
12337,[0-1],C1,12545,Matched,,,,0,,,F
12520,[5-8],A1,12935,Candidate refused,2018-04-04,2018-04-04,2018-04-04,0,0 days 00:00:00.000000000,0 days 00:00:00.000000000,M
12520,[5-8],A1,13318,CV sent to France,,,,0,,,M
12520,[5-8],A1,13322,CV sent to France,,,,0,,,M
12520,[5-8],A1,13328,CV approved,2018-05-02,2018-05-03,,0,1 days 00:00:00.000000000,,M
12524,[5-8],A1,12876,CV approved,2018-03-27,2018-04-25,,0,29 days 00:00:00.000000000,,F
12525,[8+],Native,13381,Matched,,,,0,,,M
12528,[5-8],A1,12863,Candidate dropped out,2018-03-29,2018-04-04,2018-04-04,0,6 days 00:00:00.000000000,0 days 00:00:00.000000000,M
12528,[5-8],A1,12874,Rejected,2018-03-29,2018-03-29,2018-03-29,0,0 days 00:00:00.000000000,0 days 00:00:00.000000000,M
12528,[5-8],A1,13148,CV refused,2018-04-23,2018-05-02,,0,9 days 00:00:00.000000000,,M
12546,[8+],A2,12915,Candidate refused,2018-04-02,2018-04-04,2018-04-10,0,2 days 00:00:00.000000000,6 days 00:00:00.000000000,M
12560,[8+],A2,13052,CV refused,2018-04-13,2018-04-13,,0,0 days 00:00:00.000000000,,M
12605,[0-1],A1,12879,CV refused,2018-03-27,2018-04-03,,0,7 days 00:00:00.000000000,,F
12606,[0-1],A2,13035,CV refused,2018-04-12,2018-05-02,,0,20 days 00:00:00.000000000,,F
12723,[2-4],A2,13044,CV refused,2018-04-13,2018-04-17,,0,4 days 00:00:00.000000000,,F
12723,[2-4],A2,13049,CV refused,2018-04-13,2018-04-13,,0,0 days 00:00:00.000000000,,F
12763,[8+],Native,12945,Candidate dropped out,2018-04-12,2018-04-12,2018-04-12,0,0 days 00:00:00.000000000,0 days 00:00:00.000000000,M
12763,[8+],Native,12946,Dropped out,2018-04-19,2018-04-19,,0,0 days 00:00:00.000000000,,M
12763,[8+],Native,12947,CV refused,2018-04-10,2018-04-10,,0,0 days 00:00:00.000000000,,M
12765,[2-4],A1,13308,CV sent to France,,,,0,,,F
12765,[2-4],A1,13311,CV refused,2018-05-07,2018-05-07,,0,0 days 00:00:00.000000000,,F
12765,[2-4],A1,13313,CV sent to France,,,,0,,,F
12765,[2-4],A1,13468,CV sent to France,,,,0,,,F
12775,[8+],A1,12866,Dropped out,2018-03-29,2018-04-03,,0,5 days 00:00:00.000000000,,F
12917,[8+],A1,13028,CV approved,2018-04-23,2018-05-04,,0,11 days 00:00:00.000000000,,F
12917,[8+],A1,13085,Matched,,,,0,,,F
12921,[8+],A1,13043,Rejected,,,,0,,,M
12925,[8+],A1,13315,CV sent to France,,,,0,,,M
12925,[8+],A1,13326,CV approved,2018-05-01,2018-05-04,,0,3 days 00:00:00.000000000,,M
12928,[8+],B1,12936,Dropped out,2018-03-29,2018-04-17,,0,19 days 00:00:00.000000000,,M
12963,[2-4],B1,13036,CV refused,2018-04-12,2018-04-18,,0,6 days 00:00:00.000000000,,F
12971,[5-8],A1,13045,CV approved,2018-04-13,2018-04-30,,0,17 days 00:00:00.000000000,,M
12975,[8+],A1,13173,Rejected,,,,0,,,M
13012,[5-8],A1,13237,CV sent to France,,,,0,,,M
13012,[5-8],A1,13324,CV refused,2018-05-01,2018-05-07,,0,6 days 00:00:00.000000000,,M
13118,[8+],A1,13152,Rejected,,,,0,,,F
13126,[5-8],A2,13461,CV sent to France,,,,0,,,M
13126,[5-8],A2,13465,CV approved,2018-05-11,2018-05-11,2018-05-12,0,0 days 00:00:00.000000000,1 days 00:00:00.000000000,M
13126,[5-8],A2,13467,CV sent to France,,,,0,,,M
13211,[0-1],A1,13229,CV sent to France,,,,0,,,M
13213,[8+],A1,13228,Rejected,,,,0,,,F
13213,[8+],A1,13464,CV sent to France,2018-05-07,,,0,,,F
13214,[2-4],A1,13233,Rejected,,,,0,,,F
13242,[2-4],A1,13309,CV sent to France,,,,0,,,M
13242,[2-4],A1,13312,CV refused,2018-05-07,2018-05-07,,0,0 days 00:00:00.000000000,,M
13242,[2-4],A1,13314,CV sent to France,,,,0,,,M
13242,[2-4],A1,13466,CV sent to France,,,,0,,,M
13271,[0-1],Native,13380,Matched,,,,0,,,M
13281,[8+],A2,13307,Rejected,,,,0,,,M
13288,[8+],Native,13389,Matched,,,,0,,,F
